伝票日付,出荷番号,取引先名,業者CD,業者名,現場CD,現場名,品名,正味重量,数量,単位名,単価,金額,運搬業者名,伝票区分名,明細備考
2025/07/17(木),13568,ｵﾈｽﾄ,000001,ｵﾈｽﾄ,000002,ｵﾈｽﾄ　新木場ﾔｰﾄﾞ,金属くず ｼｭﾚｯﾀ,530,530,kg,0,0,ｵﾈｽﾄ,売上,
2025/07/17(木),13569,■I ･ S ｱｲ･ｴｽ,008327,丸源起業,000000,丸源起業ひかりｴｺｽﾃｰｼｮﾝ,混合廃棄物(S),"9,400","9,400",kg,17,"159,800",ｵﾈｽﾄ,支払,破砕16本
2025/07/17(木),13570,ｵﾈｽﾄ,000001,ｵﾈｽﾄ,000002,ｵﾈｽﾄ　新木場ﾔｰﾄﾞ,鉄千地,590,590,kg,0,0,ｵﾈｽﾄ,支払,
2025/07/17(木),13571,木材開発,008340,木材開発,000000,木材開発市川工場,木くず,"2,020","2,020",kg,10,"20,200",東亜物流,支払,
2025/07/17(木),13572,■TOAｼﾌﾞﾙ,008215,杉田建材,000001,杉田建材市原ｻｰﾏﾙｾﾝﾀｰ,廃ﾌﾟﾗｽﾁｯｸ類,"13,830","13,830",kg,32,"442,560",ｵﾈｽﾄ,支払,20本
2025/07/17(木),13573,宮崎,000747,宮崎,000001,宮崎　新木場リサイクルセンター,ﾍﾟｯﾄﾎﾞﾄﾙ,200,200,kg,3,600,東亜物流,売上,
2025/07/17(木),13574,■I ･ S ｱｲ･ｴｽ,008327,丸源起業,000000,丸源起業ひかりｴｺｽﾃｰｼｮﾝ,混合廃棄物(A),"6,380","6,380",kg,22,"140,360",ｵﾈｽﾄ,支払,A13本
2025/07/17(木),13574,■I ･ S ｱｲ･ｴｽ,008327,丸源起業,000000,丸源起業ひかりｴｺｽﾃｰｼｮﾝ,混合廃棄物(B),"5,580","5,580",kg,29,"161,820",ｵﾈｽﾄ,支払,B12本
2025/07/17(木),13578,共同土木,008339,共同土木,000001,共同土木　東京工場,混合廃棄物（処理困難物）,"2,730","2,730",kg,35,"95,550",■ｴｺﾗｲﾝ,支払,3
2025/07/17(木),13579,木材開発,008340,木材開発,000000,木材開発市川工場,木くず,"1,440","1,440",kg,10,"14,400",■ｴｺﾗｲﾝ,支払,
2025/07/17(木),13580,鴻祥興業,008463,鴻祥興業,000000,鴻祥興業,GC,780,780,kg,30,"23,400",鴻祥興業,売上,
2025/07/17(木),13580,鴻祥興業,008463,鴻祥興業,000000,鴻祥興業,鉄千地,920,920,kg,5,"4,600",鴻祥興業,売上,
2025/07/17(木),13581,ｵﾈｽﾄ,000001,ｵﾈｽﾄ,000002,ｵﾈｽﾄ　新木場ﾔｰﾄﾞ,金属くず ｼｭﾚｯﾀ,870,870,kg,0,0,■ｴｺﾗｲﾝ,売上,
2025/07/17(木),13583,ｵﾈｽﾄ,000001,ｵﾈｽﾄ,000002,ｵﾈｽﾄ　新木場ﾔｰﾄﾞ,金属くず ｼｭﾚｯﾀ,810,810,kg,0,0,■ｴｺﾗｲﾝ,売上,
2025/07/17(木),13584,ｵﾈｽﾄ,000001,ｵﾈｽﾄ,000002,ｵﾈｽﾄ　新木場ﾔｰﾄﾞ,ｱﾙﾐ缶,70,70,kg,0,0,東亜物流,支払,
2025/07/17(木),13584,ｵﾈｽﾄ,000001,ｵﾈｽﾄ,000002,ｵﾈｽﾄ　新木場ﾔｰﾄﾞ,鉄千地,400,400,kg,0,0,東亜物流,支払,
2025/07/17(木),13585,鴻祥興業,008463,鴻祥興業,000000,鴻祥興業,ｱﾙﾐ類,170,170,kg,0,0,鴻祥興業,売上,
2025/07/17(木),13585,鴻祥興業,008463,鴻祥興業,000000,鴻祥興業,ﾗｼﾞｴﾀｰ,270,270,kg,0,0,鴻祥興業,売上,
2025/07/17(木),13585,鴻祥興業,008463,鴻祥興業,000000,鴻祥興業,雑品,620,620,kg,29,"17,980",鴻祥興業,売上,
2025/07/17(木),13586,ｵﾈｽﾄ,000001,ｵﾈｽﾄ,000002,ｵﾈｽﾄ　新木場ﾔｰﾄﾞ,金属くず ｼｭﾚｯﾀ,740,740,kg,0,0,ｵﾈｽﾄ,売上,
2025/07/17(木),13587,ｵﾈｽﾄ,000001,ｵﾈｽﾄ,000002,ｵﾈｽﾄ　新木場ﾔｰﾄﾞ,GC　軽鉄・ｽﾁｰﾙ類,480,480,kg,0,0,東亜物流,支払,
2025/07/17(木),13588,ｸﾘｰﾝﾃｯｸｼｵｶﾞｲつくば工場,008341,ｸﾘｰﾝﾃｯｸｼｵｶﾞｲ,000000,ｸﾘｰﾝﾃｯｸｼｵｶﾞｲつくば工場,ｺﾞﾑ板,"1,920","1,920",kg,70,"134,400",ｵﾈｽﾄ,支払,
2025/07/17(木),13589,ｵﾈｽﾄ,000001,ｵﾈｽﾄ,000002,ｵﾈｽﾄ　新木場ﾔｰﾄﾞ,金属くず ｼｭﾚｯﾀ,"1,410","1,410",kg,0,0,東亜物流,売上,
2025/07/17(木),13590,東京ﾎﾞｰﾄﾞ工業,005238,東京ﾎﾞｰﾄﾞ工業,000000,東京ﾎﾞｰﾄﾞ工業,木くず,"2,130","2,130",kg,7,"14,910",■ｴｺﾗｲﾝ,支払,
2025/07/17(木),13591,ADVANCE,008327,丸源起業,000000,丸源起業ひかりｴｺｽﾃｰｼｮﾝ,混合廃棄物(S),,"9,420",kg,1,"9,420",ｵﾈｽﾄ,支払,
2025/07/17(木),13592,ADVANCE,008327,丸源起業,000000,丸源起業ひかりｴｺｽﾃｰｼｮﾝ,混合廃棄物(A),,"6,400",kg,1,"6,400",ｵﾈｽﾄ,支払,
2025/07/17(木),13592,ADVANCE,008327,丸源起業,000000,丸源起業ひかりｴｺｽﾃｰｼｮﾝ,混合廃棄物(B),,"5,570",kg,1,"5,570",ｵﾈｽﾄ,支払,
2025/07/17(木),13593,東京産資源,008425,東京産資源,000001,【ﾔｰﾄﾞ】,GB(ｷﾞﾛA),"1,500","1,500",kg,30.5,"45,750",東京産資源,売上,
2025/07/17(木),13594,新潟環境開発,008336,新潟環境開発,000000,新潟環境開発,廃ﾌﾟﾗｽﾁｯｸ類(未破砕),"12,030","12,030",kg,14,"168,420",澤希運輸,支払,24
2025/07/17(木),13601,澤希運輸,008336,新潟環境開発,000000,新潟環境開発,運搬費（新潟環境開発）,,"12,030",kg,7,"84,210",澤希運輸,支払,
